{
  "symbol": "AAPL",
  "name": "Apple Inc.",
  "values": [
    {
      "symbol": "AAPL",
      "date": "2000-01-01T03:00:00.000Z",
      "price": 25.94
    },
    {
      "symbol": "AAPL",
      "date": "2000-02-01T03:00:00.000Z",
      "price": 28.66
    },
    {
      "symbol": "AAPL",
      "date": "2000-03-01T03:00:00.000Z",
      "price": 33.95
    },
    {
      "symbol": "AAPL",
      "date": "2000-04-01T04:00:00.000Z",
      "price": 31.01
    },
    {
      "symbol": "AAPL",
      "date": "2000-05-01T04:00:00.000Z",
      "price": 21
    },
    {
      "symbol": "AAPL",
      "date": "2000-06-01T04:00:00.000Z",
      "price": 26.19
    },
    {
      "symbol": "AAPL",
      "date": "2000-07-01T04:00:00.000Z",
      "price": 25.41
    },
    {
      "symbol": "AAPL",
      "date": "2000-08-01T04:00:00.000Z",
      "price": 30.47
    },
    {
      "symbol": "AAPL",
      "date": "2000-09-01T04:00:00.000Z",
      "price": 12.88
    },
    {
      "symbol": "AAPL",
      "date": "2000-10-01T04:00:00.000Z",
      "price": 9.78
    },
    {
      "symbol": "AAPL",
      "date": "2000-11-01T03:00:00.000Z",
      "price": 8.25
    },
    {
      "symbol": "AAPL",
      "date": "2000-12-01T03:00:00.000Z",
      "price": 7.44
    },
    {
      "symbol": "AAPL",
      "date": "2001-01-01T03:00:00.000Z",
      "price": 10.81
    },
    {
      "symbol": "AAPL",
      "date": "2001-02-01T03:00:00.000Z",
      "price": 9.12
    },
    {
      "symbol": "AAPL",
      "date": "2001-03-01T03:00:00.000Z",
      "price": 11.03
    },
    {
      "symbol": "AAPL",
      "date": "2001-04-01T04:00:00.000Z",
      "price": 12.74
    },
    {
      "symbol": "AAPL",
      "date": "2001-05-01T04:00:00.000Z",
      "price": 9.98
    },
    {
      "symbol": "AAPL",
      "date": "2001-06-01T04:00:00.000Z",
      "price": 11.62
    },
    {
      "symbol": "AAPL",
      "date": "2001-07-01T04:00:00.000Z",
      "price": 9.4
    },
    {
      "symbol": "AAPL",
      "date": "2001-08-01T04:00:00.000Z",
      "price": 9.27
    },
    {
      "symbol": "AAPL",
      "date": "2001-09-01T04:00:00.000Z",
      "price": 7.76
    },
    {
      "symbol": "AAPL",
      "date": "2001-10-01T04:00:00.000Z",
      "price": 8.78
    },
    {
      "symbol": "AAPL",
      "date": "2001-11-01T03:00:00.000Z",
      "price": 10.65
    },
    {
      "symbol": "AAPL",
      "date": "2001-12-01T03:00:00.000Z",
      "price": 10.95
    },
    {
      "symbol": "AAPL",
      "date": "2002-01-01T03:00:00.000Z",
      "price": 12.36
    },
    {
      "symbol": "AAPL",
      "date": "2002-02-01T03:00:00.000Z",
      "price": 10.85
    },
    {
      "symbol": "AAPL",
      "date": "2002-03-01T03:00:00.000Z",
      "price": 11.84
    },
    {
      "symbol": "AAPL",
      "date": "2002-04-01T04:00:00.000Z",
      "price": 12.14
    },
    {
      "symbol": "AAPL",
      "date": "2002-05-01T04:00:00.000Z",
      "price": 11.65
    },
    {
      "symbol": "AAPL",
      "date": "2002-06-01T04:00:00.000Z",
      "price": 8.86
    },
    {
      "symbol": "AAPL",
      "date": "2002-07-01T04:00:00.000Z",
      "price": 7.63
    },
    {
      "symbol": "AAPL",
      "date": "2002-08-01T04:00:00.000Z",
      "price": 7.38
    },
    {
      "symbol": "AAPL",
      "date": "2002-09-01T04:00:00.000Z",
      "price": 7.25
    },
    {
      "symbol": "AAPL",
      "date": "2002-10-01T04:00:00.000Z",
      "price": 8.03
    },
    {
      "symbol": "AAPL",
      "date": "2002-11-01T03:00:00.000Z",
      "price": 7.75
    },
    {
      "symbol": "AAPL",
      "date": "2002-12-01T03:00:00.000Z",
      "price": 7.16
    },
    {
      "symbol": "AAPL",
      "date": "2003-01-01T03:00:00.000Z",
      "price": 7.18
    },
    {
      "symbol": "AAPL",
      "date": "2003-02-01T03:00:00.000Z",
      "price": 7.51
    },
    {
      "symbol": "AAPL",
      "date": "2003-03-01T03:00:00.000Z",
      "price": 7.07
    },
    {
      "symbol": "AAPL",
      "date": "2003-04-01T04:00:00.000Z",
      "price": 7.11
    },
    {
      "symbol": "AAPL",
      "date": "2003-05-01T04:00:00.000Z",
      "price": 8.98
    },
    {
      "symbol": "AAPL",
      "date": "2003-06-01T04:00:00.000Z",
      "price": 9.53
    },
    {
      "symbol": "AAPL",
      "date": "2003-07-01T04:00:00.000Z",
      "price": 10.54
    },
    {
      "symbol": "AAPL",
      "date": "2003-08-01T04:00:00.000Z",
      "price": 11.31
    },
    {
      "symbol": "AAPL",
      "date": "2003-09-01T04:00:00.000Z",
      "price": 10.36
    },
    {
      "symbol": "AAPL",
      "date": "2003-10-01T04:00:00.000Z",
      "price": 11.44
    },
    {
      "symbol": "AAPL",
      "date": "2003-11-01T03:00:00.000Z",
      "price": 10.45
    },
    {
      "symbol": "AAPL",
      "date": "2003-12-01T03:00:00.000Z",
      "price": 10.69
    },
    {
      "symbol": "AAPL",
      "date": "2004-01-01T03:00:00.000Z",
      "price": 11.28
    },
    {
      "symbol": "AAPL",
      "date": "2004-02-01T03:00:00.000Z",
      "price": 11.96
    },
    {
      "symbol": "AAPL",
      "date": "2004-03-01T03:00:00.000Z",
      "price": 13.52
    },
    {
      "symbol": "AAPL",
      "date": "2004-04-01T04:00:00.000Z",
      "price": 12.89
    },
    {
      "symbol": "AAPL",
      "date": "2004-05-01T04:00:00.000Z",
      "price": 14.03
    },
    {
      "symbol": "AAPL",
      "date": "2004-06-01T04:00:00.000Z",
      "price": 16.27
    },
    {
      "symbol": "AAPL",
      "date": "2004-07-01T04:00:00.000Z",
      "price": 16.17
    },
    {
      "symbol": "AAPL",
      "date": "2004-08-01T04:00:00.000Z",
      "price": 17.25
    },
    {
      "symbol": "AAPL",
      "date": "2004-09-01T04:00:00.000Z",
      "price": 19.38
    },
    {
      "symbol": "AAPL",
      "date": "2004-10-01T04:00:00.000Z",
      "price": 26.2
    },
    {
      "symbol": "AAPL",
      "date": "2004-11-01T03:00:00.000Z",
      "price": 33.53
    },
    {
      "symbol": "AAPL",
      "date": "2004-12-01T03:00:00.000Z",
      "price": 32.2
    },
    {
      "symbol": "AAPL",
      "date": "2005-01-01T03:00:00.000Z",
      "price": 38.45
    },
    {
      "symbol": "AAPL",
      "date": "2005-02-01T03:00:00.000Z",
      "price": 44.86
    },
    {
      "symbol": "AAPL",
      "date": "2005-03-01T03:00:00.000Z",
      "price": 41.67
    },
    {
      "symbol": "AAPL",
      "date": "2005-04-01T04:00:00.000Z",
      "price": 36.06
    },
    {
      "symbol": "AAPL",
      "date": "2005-05-01T04:00:00.000Z",
      "price": 39.76
    },
    {
      "symbol": "AAPL",
      "date": "2005-06-01T04:00:00.000Z",
      "price": 36.81
    },
    {
      "symbol": "AAPL",
      "date": "2005-07-01T04:00:00.000Z",
      "price": 42.65
    },
    {
      "symbol": "AAPL",
      "date": "2005-08-01T04:00:00.000Z",
      "price": 46.89
    },
    {
      "symbol": "AAPL",
      "date": "2005-09-01T04:00:00.000Z",
      "price": 53.61
    },
    {
      "symbol": "AAPL",
      "date": "2005-10-01T04:00:00.000Z",
      "price": 57.59
    },
    {
      "symbol": "AAPL",
      "date": "2005-11-01T03:00:00.000Z",
      "price": 67.82
    },
    {
      "symbol": "AAPL",
      "date": "2005-12-01T03:00:00.000Z",
      "price": 71.89
    },
    {
      "symbol": "AAPL",
      "date": "2006-01-01T03:00:00.000Z",
      "price": 75.51
    },
    {
      "symbol": "AAPL",
      "date": "2006-02-01T03:00:00.000Z",
      "price": 68.49
    },
    {
      "symbol": "AAPL",
      "date": "2006-03-01T03:00:00.000Z",
      "price": 62.72
    },
    {
      "symbol": "AAPL",
      "date": "2006-04-01T04:00:00.000Z",
      "price": 70.39
    },
    {
      "symbol": "AAPL",
      "date": "2006-05-01T04:00:00.000Z",
      "price": 59.77
    },
    {
      "symbol": "AAPL",
      "date": "2006-06-01T04:00:00.000Z",
      "price": 57.27
    },
    {
      "symbol": "AAPL",
      "date": "2006-07-01T04:00:00.000Z",
      "price": 67.96
    },
    {
      "symbol": "AAPL",
      "date": "2006-08-01T04:00:00.000Z",
      "price": 67.85
    },
    {
      "symbol": "AAPL",
      "date": "2006-09-01T04:00:00.000Z",
      "price": 76.98
    },
    {
      "symbol": "AAPL",
      "date": "2006-10-01T04:00:00.000Z",
      "price": 81.08
    },
    {
      "symbol": "AAPL",
      "date": "2006-11-01T03:00:00.000Z",
      "price": 91.66
    },
    {
      "symbol": "AAPL",
      "date": "2006-12-01T03:00:00.000Z",
      "price": 84.84
    },
    {
      "symbol": "AAPL",
      "date": "2007-01-01T03:00:00.000Z",
      "price": 85.73
    },
    {
      "symbol": "AAPL",
      "date": "2007-02-01T03:00:00.000Z",
      "price": 84.61
    },
    {
      "symbol": "AAPL",
      "date": "2007-03-01T03:00:00.000Z",
      "price": 92.91
    },
    {
      "symbol": "AAPL",
      "date": "2007-04-01T04:00:00.000Z",
      "price": 99.8
    },
    {
      "symbol": "AAPL",
      "date": "2007-05-01T04:00:00.000Z",
      "price": 121.19
    },
    {
      "symbol": "AAPL",
      "date": "2007-06-01T04:00:00.000Z",
      "price": 122.04
    },
    {
      "symbol": "AAPL",
      "date": "2007-07-01T04:00:00.000Z",
      "price": 131.76
    },
    {
      "symbol": "AAPL",
      "date": "2007-08-01T04:00:00.000Z",
      "price": 138.48
    },
    {
      "symbol": "AAPL",
      "date": "2007-09-01T04:00:00.000Z",
      "price": 153.47
    },
    {
      "symbol": "AAPL",
      "date": "2007-10-01T04:00:00.000Z",
      "price": 189.95
    },
    {
      "symbol": "AAPL",
      "date": "2007-11-01T03:00:00.000Z",
      "price": 182.22
    },
    {
      "symbol": "AAPL",
      "date": "2007-12-01T03:00:00.000Z",
      "price": 198.08
    },
    {
      "symbol": "AAPL",
      "date": "2008-01-01T03:00:00.000Z",
      "price": 135.36
    },
    {
      "symbol": "AAPL",
      "date": "2008-02-01T03:00:00.000Z",
      "price": 125.02
    },
    {
      "symbol": "AAPL",
      "date": "2008-03-01T03:00:00.000Z",
      "price": 143.5
    },
    {
      "symbol": "AAPL",
      "date": "2008-04-01T04:00:00.000Z",
      "price": 173.95
    },
    {
      "symbol": "AAPL",
      "date": "2008-05-01T04:00:00.000Z",
      "price": 188.75
    },
    {
      "symbol": "AAPL",
      "date": "2008-06-01T04:00:00.000Z",
      "price": 167.44
    },
    {
      "symbol": "AAPL",
      "date": "2008-07-01T04:00:00.000Z",
      "price": 158.95
    },
    {
      "symbol": "AAPL",
      "date": "2008-08-01T04:00:00.000Z",
      "price": 169.53
    },
    {
      "symbol": "AAPL",
      "date": "2008-09-01T04:00:00.000Z",
      "price": 113.66
    },
    {
      "symbol": "AAPL",
      "date": "2008-10-01T04:00:00.000Z",
      "price": 107.59
    },
    {
      "symbol": "AAPL",
      "date": "2008-11-01T03:00:00.000Z",
      "price": 92.67
    },
    {
      "symbol": "AAPL",
      "date": "2008-12-01T03:00:00.000Z",
      "price": 85.35
    },
    {
      "symbol": "AAPL",
      "date": "2009-01-01T03:00:00.000Z",
      "price": 90.13
    },
    {
      "symbol": "AAPL",
      "date": "2009-02-01T03:00:00.000Z",
      "price": 89.31
    },
    {
      "symbol": "AAPL",
      "date": "2009-03-01T03:00:00.000Z",
      "price": 105.12
    },
    {
      "symbol": "AAPL",
      "date": "2009-04-01T04:00:00.000Z",
      "price": 125.83
    },
    {
      "symbol": "AAPL",
      "date": "2009-05-01T04:00:00.000Z",
      "price": 135.81
    },
    {
      "symbol": "AAPL",
      "date": "2009-06-01T04:00:00.000Z",
      "price": 142.43
    },
    {
      "symbol": "AAPL",
      "date": "2009-07-01T04:00:00.000Z",
      "price": 163.39
    },
    {
      "symbol": "AAPL",
      "date": "2009-08-01T04:00:00.000Z",
      "price": 168.21
    },
    {
      "symbol": "AAPL",
      "date": "2009-09-01T04:00:00.000Z",
      "price": 185.35
    },
    {
      "symbol": "AAPL",
      "date": "2009-10-01T04:00:00.000Z",
      "price": 188.5
    },
    {
      "symbol": "AAPL",
      "date": "2009-11-01T03:00:00.000Z",
      "price": 199.91
    },
    {
      "symbol": "AAPL",
      "date": "2009-12-01T03:00:00.000Z",
      "price": 210.73
    },
    {
      "symbol": "AAPL",
      "date": "2010-01-01T03:00:00.000Z",
      "price": 192.06
    },
    {
      "symbol": "AAPL",
      "date": "2010-02-01T03:00:00.000Z",
      "price": 204.62
    },
    {
      "symbol": "AAPL",
      "date": "2010-03-01T03:00:00.000Z",
      "price": 223.02
    }
  ]
}