{
  "symbol": "AMZN",
  "name": "Amazon.com, Inc.",
  "values": [
    {
      "symbol": "AMZN",
      "date": "2000-01-01T03:00:00.000Z",
      "price": 64.56
    },
    {
      "symbol": "AMZN",
      "date": "2000-02-01T03:00:00.000Z",
      "price": 68.87
    },
    {
      "symbol": "AMZN",
      "date": "2000-03-01T03:00:00.000Z",
      "price": 67
    },
    {
      "symbol": "AMZN",
      "date": "2000-04-01T04:00:00.000Z",
      "price": 55.19
    },
    {
      "symbol": "AMZN",
      "date": "2000-05-01T04:00:00.000Z",
      "price": 48.31
    },
    {
      "symbol": "AMZN",
      "date": "2000-06-01T04:00:00.000Z",
      "price": 36.31
    },
    {
      "symbol": "AMZN",
      "date": "2000-07-01T04:00:00.000Z",
      "price": 30.12
    },
    {
      "symbol": "AMZN",
      "date": "2000-08-01T04:00:00.000Z",
      "price": 41.5
    },
    {
      "symbol": "AMZN",
      "date": "2000-09-01T04:00:00.000Z",
      "price": 38.44
    },
    {
      "symbol": "AMZN",
      "date": "2000-10-01T04:00:00.000Z",
      "price": 36.62
    },
    {
      "symbol": "AMZN",
      "date": "2000-11-01T03:00:00.000Z",
      "price": 24.69
    },
    {
      "symbol": "AMZN",
      "date": "2000-12-01T03:00:00.000Z",
      "price": 15.56
    },
    {
      "symbol": "AMZN",
      "date": "2001-01-01T03:00:00.000Z",
      "price": 17.31
    },
    {
      "symbol": "AMZN",
      "date": "2001-02-01T03:00:00.000Z",
      "price": 10.19
    },
    {
      "symbol": "AMZN",
      "date": "2001-03-01T03:00:00.000Z",
      "price": 10.23
    },
    {
      "symbol": "AMZN",
      "date": "2001-04-01T04:00:00.000Z",
      "price": 15.78
    },
    {
      "symbol": "AMZN",
      "date": "2001-05-01T04:00:00.000Z",
      "price": 16.69
    },
    {
      "symbol": "AMZN",
      "date": "2001-06-01T04:00:00.000Z",
      "price": 14.15
    },
    {
      "symbol": "AMZN",
      "date": "2001-07-01T04:00:00.000Z",
      "price": 12.49
    },
    {
      "symbol": "AMZN",
      "date": "2001-08-01T04:00:00.000Z",
      "price": 8.94
    },
    {
      "symbol": "AMZN",
      "date": "2001-09-01T04:00:00.000Z",
      "price": 5.97
    },
    {
      "symbol": "AMZN",
      "date": "2001-10-01T04:00:00.000Z",
      "price": 6.98
    },
    {
      "symbol": "AMZN",
      "date": "2001-11-01T03:00:00.000Z",
      "price": 11.32
    },
    {
      "symbol": "AMZN",
      "date": "2001-12-01T03:00:00.000Z",
      "price": 10.82
    },
    {
      "symbol": "AMZN",
      "date": "2002-01-01T03:00:00.000Z",
      "price": 14.19
    },
    {
      "symbol": "AMZN",
      "date": "2002-02-01T03:00:00.000Z",
      "price": 14.1
    },
    {
      "symbol": "AMZN",
      "date": "2002-03-01T03:00:00.000Z",
      "price": 14.3
    },
    {
      "symbol": "AMZN",
      "date": "2002-04-01T04:00:00.000Z",
      "price": 16.69
    },
    {
      "symbol": "AMZN",
      "date": "2002-05-01T04:00:00.000Z",
      "price": 18.23
    },
    {
      "symbol": "AMZN",
      "date": "2002-06-01T04:00:00.000Z",
      "price": 16.25
    },
    {
      "symbol": "AMZN",
      "date": "2002-07-01T04:00:00.000Z",
      "price": 14.45
    },
    {
      "symbol": "AMZN",
      "date": "2002-08-01T04:00:00.000Z",
      "price": 14.94
    },
    {
      "symbol": "AMZN",
      "date": "2002-09-01T04:00:00.000Z",
      "price": 15.93
    },
    {
      "symbol": "AMZN",
      "date": "2002-10-01T04:00:00.000Z",
      "price": 19.36
    },
    {
      "symbol": "AMZN",
      "date": "2002-11-01T03:00:00.000Z",
      "price": 23.35
    },
    {
      "symbol": "AMZN",
      "date": "2002-12-01T03:00:00.000Z",
      "price": 18.89
    },
    {
      "symbol": "AMZN",
      "date": "2003-01-01T03:00:00.000Z",
      "price": 21.85
    },
    {
      "symbol": "AMZN",
      "date": "2003-02-01T03:00:00.000Z",
      "price": 22.01
    },
    {
      "symbol": "AMZN",
      "date": "2003-03-01T03:00:00.000Z",
      "price": 26.03
    },
    {
      "symbol": "AMZN",
      "date": "2003-04-01T04:00:00.000Z",
      "price": 28.69
    },
    {
      "symbol": "AMZN",
      "date": "2003-05-01T04:00:00.000Z",
      "price": 35.89
    },
    {
      "symbol": "AMZN",
      "date": "2003-06-01T04:00:00.000Z",
      "price": 36.32
    },
    {
      "symbol": "AMZN",
      "date": "2003-07-01T04:00:00.000Z",
      "price": 41.64
    },
    {
      "symbol": "AMZN",
      "date": "2003-08-01T04:00:00.000Z",
      "price": 46.32
    },
    {
      "symbol": "AMZN",
      "date": "2003-09-01T04:00:00.000Z",
      "price": 48.43
    },
    {
      "symbol": "AMZN",
      "date": "2003-10-01T04:00:00.000Z",
      "price": 54.43
    },
    {
      "symbol": "AMZN",
      "date": "2003-11-01T03:00:00.000Z",
      "price": 53.97
    },
    {
      "symbol": "AMZN",
      "date": "2003-12-01T03:00:00.000Z",
      "price": 52.62
    },
    {
      "symbol": "AMZN",
      "date": "2004-01-01T03:00:00.000Z",
      "price": 50.4
    },
    {
      "symbol": "AMZN",
      "date": "2004-02-01T03:00:00.000Z",
      "price": 43.01
    },
    {
      "symbol": "AMZN",
      "date": "2004-03-01T03:00:00.000Z",
      "price": 43.28
    },
    {
      "symbol": "AMZN",
      "date": "2004-04-01T04:00:00.000Z",
      "price": 43.6
    },
    {
      "symbol": "AMZN",
      "date": "2004-05-01T04:00:00.000Z",
      "price": 48.5
    },
    {
      "symbol": "AMZN",
      "date": "2004-06-01T04:00:00.000Z",
      "price": 54.4
    },
    {
      "symbol": "AMZN",
      "date": "2004-07-01T04:00:00.000Z",
      "price": 38.92
    },
    {
      "symbol": "AMZN",
      "date": "2004-08-01T04:00:00.000Z",
      "price": 38.14
    },
    {
      "symbol": "AMZN",
      "date": "2004-09-01T04:00:00.000Z",
      "price": 40.86
    },
    {
      "symbol": "AMZN",
      "date": "2004-10-01T04:00:00.000Z",
      "price": 34.13
    },
    {
      "symbol": "AMZN",
      "date": "2004-11-01T03:00:00.000Z",
      "price": 39.68
    },
    {
      "symbol": "AMZN",
      "date": "2004-12-01T03:00:00.000Z",
      "price": 44.29
    },
    {
      "symbol": "AMZN",
      "date": "2005-01-01T03:00:00.000Z",
      "price": 43.22
    },
    {
      "symbol": "AMZN",
      "date": "2005-02-01T03:00:00.000Z",
      "price": 35.18
    },
    {
      "symbol": "AMZN",
      "date": "2005-03-01T03:00:00.000Z",
      "price": 34.27
    },
    {
      "symbol": "AMZN",
      "date": "2005-04-01T04:00:00.000Z",
      "price": 32.36
    },
    {
      "symbol": "AMZN",
      "date": "2005-05-01T04:00:00.000Z",
      "price": 35.51
    },
    {
      "symbol": "AMZN",
      "date": "2005-06-01T04:00:00.000Z",
      "price": 33.09
    },
    {
      "symbol": "AMZN",
      "date": "2005-07-01T04:00:00.000Z",
      "price": 45.15
    },
    {
      "symbol": "AMZN",
      "date": "2005-08-01T04:00:00.000Z",
      "price": 42.7
    },
    {
      "symbol": "AMZN",
      "date": "2005-09-01T04:00:00.000Z",
      "price": 45.3
    },
    {
      "symbol": "AMZN",
      "date": "2005-10-01T04:00:00.000Z",
      "price": 39.86
    },
    {
      "symbol": "AMZN",
      "date": "2005-11-01T03:00:00.000Z",
      "price": 48.46
    },
    {
      "symbol": "AMZN",
      "date": "2005-12-01T03:00:00.000Z",
      "price": 47.15
    },
    {
      "symbol": "AMZN",
      "date": "2006-01-01T03:00:00.000Z",
      "price": 44.82
    },
    {
      "symbol": "AMZN",
      "date": "2006-02-01T03:00:00.000Z",
      "price": 37.44
    },
    {
      "symbol": "AMZN",
      "date": "2006-03-01T03:00:00.000Z",
      "price": 36.53
    },
    {
      "symbol": "AMZN",
      "date": "2006-04-01T04:00:00.000Z",
      "price": 35.21
    },
    {
      "symbol": "AMZN",
      "date": "2006-05-01T04:00:00.000Z",
      "price": 34.61
    },
    {
      "symbol": "AMZN",
      "date": "2006-06-01T04:00:00.000Z",
      "price": 38.68
    },
    {
      "symbol": "AMZN",
      "date": "2006-07-01T04:00:00.000Z",
      "price": 26.89
    },
    {
      "symbol": "AMZN",
      "date": "2006-08-01T04:00:00.000Z",
      "price": 30.83
    },
    {
      "symbol": "AMZN",
      "date": "2006-09-01T04:00:00.000Z",
      "price": 32.12
    },
    {
      "symbol": "AMZN",
      "date": "2006-10-01T04:00:00.000Z",
      "price": 38.09
    },
    {
      "symbol": "AMZN",
      "date": "2006-11-01T03:00:00.000Z",
      "price": 40.34
    },
    {
      "symbol": "AMZN",
      "date": "2006-12-01T03:00:00.000Z",
      "price": 39.46
    },
    {
      "symbol": "AMZN",
      "date": "2007-01-01T03:00:00.000Z",
      "price": 37.67
    },
    {
      "symbol": "AMZN",
      "date": "2007-02-01T03:00:00.000Z",
      "price": 39.14
    },
    {
      "symbol": "AMZN",
      "date": "2007-03-01T03:00:00.000Z",
      "price": 39.79
    },
    {
      "symbol": "AMZN",
      "date": "2007-04-01T04:00:00.000Z",
      "price": 61.33
    },
    {
      "symbol": "AMZN",
      "date": "2007-05-01T04:00:00.000Z",
      "price": 69.14
    },
    {
      "symbol": "AMZN",
      "date": "2007-06-01T04:00:00.000Z",
      "price": 68.41
    },
    {
      "symbol": "AMZN",
      "date": "2007-07-01T04:00:00.000Z",
      "price": 78.54
    },
    {
      "symbol": "AMZN",
      "date": "2007-08-01T04:00:00.000Z",
      "price": 79.91
    },
    {
      "symbol": "AMZN",
      "date": "2007-09-01T04:00:00.000Z",
      "price": 93.15
    },
    {
      "symbol": "AMZN",
      "date": "2007-10-01T04:00:00.000Z",
      "price": 89.15
    },
    {
      "symbol": "AMZN",
      "date": "2007-11-01T03:00:00.000Z",
      "price": 90.56
    },
    {
      "symbol": "AMZN",
      "date": "2007-12-01T03:00:00.000Z",
      "price": 92.64
    },
    {
      "symbol": "AMZN",
      "date": "2008-01-01T03:00:00.000Z",
      "price": 77.7
    },
    {
      "symbol": "AMZN",
      "date": "2008-02-01T03:00:00.000Z",
      "price": 64.47
    },
    {
      "symbol": "AMZN",
      "date": "2008-03-01T03:00:00.000Z",
      "price": 71.3
    },
    {
      "symbol": "AMZN",
      "date": "2008-04-01T04:00:00.000Z",
      "price": 78.63
    },
    {
      "symbol": "AMZN",
      "date": "2008-05-01T04:00:00.000Z",
      "price": 81.62
    },
    {
      "symbol": "AMZN",
      "date": "2008-06-01T04:00:00.000Z",
      "price": 73.33
    },
    {
      "symbol": "AMZN",
      "date": "2008-07-01T04:00:00.000Z",
      "price": 76.34
    },
    {
      "symbol": "AMZN",
      "date": "2008-08-01T04:00:00.000Z",
      "price": 80.81
    },
    {
      "symbol": "AMZN",
      "date": "2008-09-01T04:00:00.000Z",
      "price": 72.76
    },
    {
      "symbol": "AMZN",
      "date": "2008-10-01T04:00:00.000Z",
      "price": 57.24
    },
    {
      "symbol": "AMZN",
      "date": "2008-11-01T03:00:00.000Z",
      "price": 42.7
    },
    {
      "symbol": "AMZN",
      "date": "2008-12-01T03:00:00.000Z",
      "price": 51.28
    },
    {
      "symbol": "AMZN",
      "date": "2009-01-01T03:00:00.000Z",
      "price": 58.82
    },
    {
      "symbol": "AMZN",
      "date": "2009-02-01T03:00:00.000Z",
      "price": 64.79
    },
    {
      "symbol": "AMZN",
      "date": "2009-03-01T03:00:00.000Z",
      "price": 73.44
    },
    {
      "symbol": "AMZN",
      "date": "2009-04-01T04:00:00.000Z",
      "price": 80.52
    },
    {
      "symbol": "AMZN",
      "date": "2009-05-01T04:00:00.000Z",
      "price": 77.99
    },
    {
      "symbol": "AMZN",
      "date": "2009-06-01T04:00:00.000Z",
      "price": 83.66
    },
    {
      "symbol": "AMZN",
      "date": "2009-07-01T04:00:00.000Z",
      "price": 85.76
    },
    {
      "symbol": "AMZN",
      "date": "2009-08-01T04:00:00.000Z",
      "price": 81.19
    },
    {
      "symbol": "AMZN",
      "date": "2009-09-01T04:00:00.000Z",
      "price": 93.36
    },
    {
      "symbol": "AMZN",
      "date": "2009-10-01T04:00:00.000Z",
      "price": 118.81
    },
    {
      "symbol": "AMZN",
      "date": "2009-11-01T03:00:00.000Z",
      "price": 135.91
    },
    {
      "symbol": "AMZN",
      "date": "2009-12-01T03:00:00.000Z",
      "price": 134.52
    },
    {
      "symbol": "AMZN",
      "date": "2010-01-01T03:00:00.000Z",
      "price": 125.41
    },
    {
      "symbol": "AMZN",
      "date": "2010-02-01T03:00:00.000Z",
      "price": 118.4
    },
    {
      "symbol": "AMZN",
      "date": "2010-03-01T03:00:00.000Z",
      "price": 128.82
    }
  ]
}