{
  "symbol": "IBM",
  "name": "International Business Machines Corp.",
  "values": [
    {
      "symbol": "IBM",
      "date": "2000-01-01T03:00:00.000Z",
      "price": 100.52
    },
    {
      "symbol": "IBM",
      "date": "2000-02-01T03:00:00.000Z",
      "price": 92.11
    },
    {
      "symbol": "IBM",
      "date": "2000-03-01T03:00:00.000Z",
      "price": 106.11
    },
    {
      "symbol": "IBM",
      "date": "2000-04-01T04:00:00.000Z",
      "price": 99.95
    },
    {
      "symbol": "IBM",
      "date": "2000-05-01T04:00:00.000Z",
      "price": 96.31
    },
    {
      "symbol": "IBM",
      "date": "2000-06-01T04:00:00.000Z",
      "price": 98.33
    },
    {
      "symbol": "IBM",
      "date": "2000-07-01T04:00:00.000Z",
      "price": 100.74
    },
    {
      "symbol": "IBM",
      "date": "2000-08-01T04:00:00.000Z",
      "price": 118.62
    },
    {
      "symbol": "IBM",
      "date": "2000-09-01T04:00:00.000Z",
      "price": 101.19
    },
    {
      "symbol": "IBM",
      "date": "2000-10-01T04:00:00.000Z",
      "price": 88.5
    },
    {
      "symbol": "IBM",
      "date": "2000-11-01T03:00:00.000Z",
      "price": 84.12
    },
    {
      "symbol": "IBM",
      "date": "2000-12-01T03:00:00.000Z",
      "price": 76.47
    },
    {
      "symbol": "IBM",
      "date": "2001-01-01T03:00:00.000Z",
      "price": 100.76
    },
    {
      "symbol": "IBM",
      "date": "2001-02-01T03:00:00.000Z",
      "price": 89.98
    },
    {
      "symbol": "IBM",
      "date": "2001-03-01T03:00:00.000Z",
      "price": 86.63
    },
    {
      "symbol": "IBM",
      "date": "2001-04-01T04:00:00.000Z",
      "price": 103.7
    },
    {
      "symbol": "IBM",
      "date": "2001-05-01T04:00:00.000Z",
      "price": 100.82
    },
    {
      "symbol": "IBM",
      "date": "2001-06-01T04:00:00.000Z",
      "price": 102.35
    },
    {
      "symbol": "IBM",
      "date": "2001-07-01T04:00:00.000Z",
      "price": 94.87
    },
    {
      "symbol": "IBM",
      "date": "2001-08-01T04:00:00.000Z",
      "price": 90.25
    },
    {
      "symbol": "IBM",
      "date": "2001-09-01T04:00:00.000Z",
      "price": 82.82
    },
    {
      "symbol": "IBM",
      "date": "2001-10-01T04:00:00.000Z",
      "price": 97.58
    },
    {
      "symbol": "IBM",
      "date": "2001-11-01T03:00:00.000Z",
      "price": 104.5
    },
    {
      "symbol": "IBM",
      "date": "2001-12-01T03:00:00.000Z",
      "price": 109.36
    },
    {
      "symbol": "IBM",
      "date": "2002-01-01T03:00:00.000Z",
      "price": 97.54
    },
    {
      "symbol": "IBM",
      "date": "2002-02-01T03:00:00.000Z",
      "price": 88.82
    },
    {
      "symbol": "IBM",
      "date": "2002-03-01T03:00:00.000Z",
      "price": 94.15
    },
    {
      "symbol": "IBM",
      "date": "2002-04-01T04:00:00.000Z",
      "price": 75.82
    },
    {
      "symbol": "IBM",
      "date": "2002-05-01T04:00:00.000Z",
      "price": 72.97
    },
    {
      "symbol": "IBM",
      "date": "2002-06-01T04:00:00.000Z",
      "price": 65.31
    },
    {
      "symbol": "IBM",
      "date": "2002-07-01T04:00:00.000Z",
      "price": 63.86
    },
    {
      "symbol": "IBM",
      "date": "2002-08-01T04:00:00.000Z",
      "price": 68.52
    },
    {
      "symbol": "IBM",
      "date": "2002-09-01T04:00:00.000Z",
      "price": 53.01
    },
    {
      "symbol": "IBM",
      "date": "2002-10-01T04:00:00.000Z",
      "price": 71.76
    },
    {
      "symbol": "IBM",
      "date": "2002-11-01T03:00:00.000Z",
      "price": 79.16
    },
    {
      "symbol": "IBM",
      "date": "2002-12-01T03:00:00.000Z",
      "price": 70.58
    },
    {
      "symbol": "IBM",
      "date": "2003-01-01T03:00:00.000Z",
      "price": 71.22
    },
    {
      "symbol": "IBM",
      "date": "2003-02-01T03:00:00.000Z",
      "price": 71.13
    },
    {
      "symbol": "IBM",
      "date": "2003-03-01T03:00:00.000Z",
      "price": 71.57
    },
    {
      "symbol": "IBM",
      "date": "2003-04-01T04:00:00.000Z",
      "price": 77.47
    },
    {
      "symbol": "IBM",
      "date": "2003-05-01T04:00:00.000Z",
      "price": 80.48
    },
    {
      "symbol": "IBM",
      "date": "2003-06-01T04:00:00.000Z",
      "price": 75.42
    },
    {
      "symbol": "IBM",
      "date": "2003-07-01T04:00:00.000Z",
      "price": 74.28
    },
    {
      "symbol": "IBM",
      "date": "2003-08-01T04:00:00.000Z",
      "price": 75.12
    },
    {
      "symbol": "IBM",
      "date": "2003-09-01T04:00:00.000Z",
      "price": 80.91
    },
    {
      "symbol": "IBM",
      "date": "2003-10-01T04:00:00.000Z",
      "price": 81.96
    },
    {
      "symbol": "IBM",
      "date": "2003-11-01T03:00:00.000Z",
      "price": 83.08
    },
    {
      "symbol": "IBM",
      "date": "2003-12-01T03:00:00.000Z",
      "price": 85.05
    },
    {
      "symbol": "IBM",
      "date": "2004-01-01T03:00:00.000Z",
      "price": 91.06
    },
    {
      "symbol": "IBM",
      "date": "2004-02-01T03:00:00.000Z",
      "price": 88.7
    },
    {
      "symbol": "IBM",
      "date": "2004-03-01T03:00:00.000Z",
      "price": 84.41
    },
    {
      "symbol": "IBM",
      "date": "2004-04-01T04:00:00.000Z",
      "price": 81.04
    },
    {
      "symbol": "IBM",
      "date": "2004-05-01T04:00:00.000Z",
      "price": 81.59
    },
    {
      "symbol": "IBM",
      "date": "2004-06-01T04:00:00.000Z",
      "price": 81.19
    },
    {
      "symbol": "IBM",
      "date": "2004-07-01T04:00:00.000Z",
      "price": 80.19
    },
    {
      "symbol": "IBM",
      "date": "2004-08-01T04:00:00.000Z",
      "price": 78.17
    },
    {
      "symbol": "IBM",
      "date": "2004-09-01T04:00:00.000Z",
      "price": 79.13
    },
    {
      "symbol": "IBM",
      "date": "2004-10-01T04:00:00.000Z",
      "price": 82.84
    },
    {
      "symbol": "IBM",
      "date": "2004-11-01T03:00:00.000Z",
      "price": 87.15
    },
    {
      "symbol": "IBM",
      "date": "2004-12-01T03:00:00.000Z",
      "price": 91.16
    },
    {
      "symbol": "IBM",
      "date": "2005-01-01T03:00:00.000Z",
      "price": 86.39
    },
    {
      "symbol": "IBM",
      "date": "2005-02-01T03:00:00.000Z",
      "price": 85.78
    },
    {
      "symbol": "IBM",
      "date": "2005-03-01T03:00:00.000Z",
      "price": 84.66
    },
    {
      "symbol": "IBM",
      "date": "2005-04-01T04:00:00.000Z",
      "price": 70.77
    },
    {
      "symbol": "IBM",
      "date": "2005-05-01T04:00:00.000Z",
      "price": 70.18
    },
    {
      "symbol": "IBM",
      "date": "2005-06-01T04:00:00.000Z",
      "price": 68.93
    },
    {
      "symbol": "IBM",
      "date": "2005-07-01T04:00:00.000Z",
      "price": 77.53
    },
    {
      "symbol": "IBM",
      "date": "2005-08-01T04:00:00.000Z",
      "price": 75.07
    },
    {
      "symbol": "IBM",
      "date": "2005-09-01T04:00:00.000Z",
      "price": 74.7
    },
    {
      "symbol": "IBM",
      "date": "2005-10-01T04:00:00.000Z",
      "price": 76.25
    },
    {
      "symbol": "IBM",
      "date": "2005-11-01T03:00:00.000Z",
      "price": 82.98
    },
    {
      "symbol": "IBM",
      "date": "2005-12-01T03:00:00.000Z",
      "price": 76.73
    },
    {
      "symbol": "IBM",
      "date": "2006-01-01T03:00:00.000Z",
      "price": 75.89
    },
    {
      "symbol": "IBM",
      "date": "2006-02-01T03:00:00.000Z",
      "price": 75.09
    },
    {
      "symbol": "IBM",
      "date": "2006-03-01T03:00:00.000Z",
      "price": 77.17
    },
    {
      "symbol": "IBM",
      "date": "2006-04-01T04:00:00.000Z",
      "price": 77.05
    },
    {
      "symbol": "IBM",
      "date": "2006-05-01T04:00:00.000Z",
      "price": 75.04
    },
    {
      "symbol": "IBM",
      "date": "2006-06-01T04:00:00.000Z",
      "price": 72.15
    },
    {
      "symbol": "IBM",
      "date": "2006-07-01T04:00:00.000Z",
      "price": 72.7
    },
    {
      "symbol": "IBM",
      "date": "2006-08-01T04:00:00.000Z",
      "price": 76.35
    },
    {
      "symbol": "IBM",
      "date": "2006-09-01T04:00:00.000Z",
      "price": 77.26
    },
    {
      "symbol": "IBM",
      "date": "2006-10-01T04:00:00.000Z",
      "price": 87.06
    },
    {
      "symbol": "IBM",
      "date": "2006-11-01T03:00:00.000Z",
      "price": 86.95
    },
    {
      "symbol": "IBM",
      "date": "2006-12-01T03:00:00.000Z",
      "price": 91.9
    },
    {
      "symbol": "IBM",
      "date": "2007-01-01T03:00:00.000Z",
      "price": 93.79
    },
    {
      "symbol": "IBM",
      "date": "2007-02-01T03:00:00.000Z",
      "price": 88.18
    },
    {
      "symbol": "IBM",
      "date": "2007-03-01T03:00:00.000Z",
      "price": 89.44
    },
    {
      "symbol": "IBM",
      "date": "2007-04-01T04:00:00.000Z",
      "price": 96.98
    },
    {
      "symbol": "IBM",
      "date": "2007-05-01T04:00:00.000Z",
      "price": 101.54
    },
    {
      "symbol": "IBM",
      "date": "2007-06-01T04:00:00.000Z",
      "price": 100.25
    },
    {
      "symbol": "IBM",
      "date": "2007-07-01T04:00:00.000Z",
      "price": 105.4
    },
    {
      "symbol": "IBM",
      "date": "2007-08-01T04:00:00.000Z",
      "price": 111.54
    },
    {
      "symbol": "IBM",
      "date": "2007-09-01T04:00:00.000Z",
      "price": 112.6
    },
    {
      "symbol": "IBM",
      "date": "2007-10-01T04:00:00.000Z",
      "price": 111
    },
    {
      "symbol": "IBM",
      "date": "2007-11-01T03:00:00.000Z",
      "price": 100.9
    },
    {
      "symbol": "IBM",
      "date": "2007-12-01T03:00:00.000Z",
      "price": 103.7
    },
    {
      "symbol": "IBM",
      "date": "2008-01-01T03:00:00.000Z",
      "price": 102.75
    },
    {
      "symbol": "IBM",
      "date": "2008-02-01T03:00:00.000Z",
      "price": 109.64
    },
    {
      "symbol": "IBM",
      "date": "2008-03-01T03:00:00.000Z",
      "price": 110.87
    },
    {
      "symbol": "IBM",
      "date": "2008-04-01T04:00:00.000Z",
      "price": 116.23
    },
    {
      "symbol": "IBM",
      "date": "2008-05-01T04:00:00.000Z",
      "price": 125.14
    },
    {
      "symbol": "IBM",
      "date": "2008-06-01T04:00:00.000Z",
      "price": 114.6
    },
    {
      "symbol": "IBM",
      "date": "2008-07-01T04:00:00.000Z",
      "price": 123.74
    },
    {
      "symbol": "IBM",
      "date": "2008-08-01T04:00:00.000Z",
      "price": 118.16
    },
    {
      "symbol": "IBM",
      "date": "2008-09-01T04:00:00.000Z",
      "price": 113.53
    },
    {
      "symbol": "IBM",
      "date": "2008-10-01T04:00:00.000Z",
      "price": 90.24
    },
    {
      "symbol": "IBM",
      "date": "2008-11-01T03:00:00.000Z",
      "price": 79.65
    },
    {
      "symbol": "IBM",
      "date": "2008-12-01T03:00:00.000Z",
      "price": 82.15
    },
    {
      "symbol": "IBM",
      "date": "2009-01-01T03:00:00.000Z",
      "price": 89.46
    },
    {
      "symbol": "IBM",
      "date": "2009-02-01T03:00:00.000Z",
      "price": 90.32
    },
    {
      "symbol": "IBM",
      "date": "2009-03-01T03:00:00.000Z",
      "price": 95.09
    },
    {
      "symbol": "IBM",
      "date": "2009-04-01T04:00:00.000Z",
      "price": 101.29
    },
    {
      "symbol": "IBM",
      "date": "2009-05-01T04:00:00.000Z",
      "price": 104.85
    },
    {
      "symbol": "IBM",
      "date": "2009-06-01T04:00:00.000Z",
      "price": 103.01
    },
    {
      "symbol": "IBM",
      "date": "2009-07-01T04:00:00.000Z",
      "price": 116.34
    },
    {
      "symbol": "IBM",
      "date": "2009-08-01T04:00:00.000Z",
      "price": 117
    },
    {
      "symbol": "IBM",
      "date": "2009-09-01T04:00:00.000Z",
      "price": 118.55
    },
    {
      "symbol": "IBM",
      "date": "2009-10-01T04:00:00.000Z",
      "price": 119.54
    },
    {
      "symbol": "IBM",
      "date": "2009-11-01T03:00:00.000Z",
      "price": 125.79
    },
    {
      "symbol": "IBM",
      "date": "2009-12-01T03:00:00.000Z",
      "price": 130.32
    },
    {
      "symbol": "IBM",
      "date": "2010-01-01T03:00:00.000Z",
      "price": 121.85
    },
    {
      "symbol": "IBM",
      "date": "2010-02-01T03:00:00.000Z",
      "price": 127.16
    },
    {
      "symbol": "IBM",
      "date": "2010-03-01T03:00:00.000Z",
      "price": 125.55
    }
  ]
}