{
  "symbol": "MSFT",
  "name": "Microsoft Corporation",
  "values": [
    {
      "symbol": "MSFT",
      "date": "2000-01-01T03:00:00.000Z",
      "price": 39.81
    },
    {
      "symbol": "MSFT",
      "date": "2000-02-01T03:00:00.000Z",
      "price": 36.35
    },
    {
      "symbol": "MSFT",
      "date": "2000-03-01T03:00:00.000Z",
      "price": 43.22
    },
    {
      "symbol": "MSFT",
      "date": "2000-04-01T04:00:00.000Z",
      "price": 28.37
    },
    {
      "symbol": "MSFT",
      "date": "2000-05-01T04:00:00.000Z",
      "price": 25.45
    },
    {
      "symbol": "MSFT",
      "date": "2000-06-01T04:00:00.000Z",
      "price": 32.54
    },
    {
      "symbol": "MSFT",
      "date": "2000-07-01T04:00:00.000Z",
      "price": 28.4
    },
    {
      "symbol": "MSFT",
      "date": "2000-08-01T04:00:00.000Z",
      "price": 28.4
    },
    {
      "symbol": "MSFT",
      "date": "2000-09-01T04:00:00.000Z",
      "price": 24.53
    },
    {
      "symbol": "MSFT",
      "date": "2000-10-01T04:00:00.000Z",
      "price": 28.02
    },
    {
      "symbol": "MSFT",
      "date": "2000-11-01T03:00:00.000Z",
      "price": 23.34
    },
    {
      "symbol": "MSFT",
      "date": "2000-12-01T03:00:00.000Z",
      "price": 17.65
    },
    {
      "symbol": "MSFT",
      "date": "2001-01-01T03:00:00.000Z",
      "price": 24.84
    },
    {
      "symbol": "MSFT",
      "date": "2001-02-01T03:00:00.000Z",
      "price": 24
    },
    {
      "symbol": "MSFT",
      "date": "2001-03-01T03:00:00.000Z",
      "price": 22.25
    },
    {
      "symbol": "MSFT",
      "date": "2001-04-01T04:00:00.000Z",
      "price": 27.56
    },
    {
      "symbol": "MSFT",
      "date": "2001-05-01T04:00:00.000Z",
      "price": 28.14
    },
    {
      "symbol": "MSFT",
      "date": "2001-06-01T04:00:00.000Z",
      "price": 29.7
    },
    {
      "symbol": "MSFT",
      "date": "2001-07-01T04:00:00.000Z",
      "price": 26.93
    },
    {
      "symbol": "MSFT",
      "date": "2001-08-01T04:00:00.000Z",
      "price": 23.21
    },
    {
      "symbol": "MSFT",
      "date": "2001-09-01T04:00:00.000Z",
      "price": 20.82
    },
    {
      "symbol": "MSFT",
      "date": "2001-10-01T04:00:00.000Z",
      "price": 23.65
    },
    {
      "symbol": "MSFT",
      "date": "2001-11-01T03:00:00.000Z",
      "price": 26.12
    },
    {
      "symbol": "MSFT",
      "date": "2001-12-01T03:00:00.000Z",
      "price": 26.95
    },
    {
      "symbol": "MSFT",
      "date": "2002-01-01T03:00:00.000Z",
      "price": 25.92
    },
    {
      "symbol": "MSFT",
      "date": "2002-02-01T03:00:00.000Z",
      "price": 23.73
    },
    {
      "symbol": "MSFT",
      "date": "2002-03-01T03:00:00.000Z",
      "price": 24.53
    },
    {
      "symbol": "MSFT",
      "date": "2002-04-01T04:00:00.000Z",
      "price": 21.26
    },
    {
      "symbol": "MSFT",
      "date": "2002-05-01T04:00:00.000Z",
      "price": 20.71
    },
    {
      "symbol": "MSFT",
      "date": "2002-06-01T04:00:00.000Z",
      "price": 22.25
    },
    {
      "symbol": "MSFT",
      "date": "2002-07-01T04:00:00.000Z",
      "price": 19.52
    },
    {
      "symbol": "MSFT",
      "date": "2002-08-01T04:00:00.000Z",
      "price": 19.97
    },
    {
      "symbol": "MSFT",
      "date": "2002-09-01T04:00:00.000Z",
      "price": 17.79
    },
    {
      "symbol": "MSFT",
      "date": "2002-10-01T04:00:00.000Z",
      "price": 21.75
    },
    {
      "symbol": "MSFT",
      "date": "2002-11-01T03:00:00.000Z",
      "price": 23.46
    },
    {
      "symbol": "MSFT",
      "date": "2002-12-01T03:00:00.000Z",
      "price": 21.03
    },
    {
      "symbol": "MSFT",
      "date": "2003-01-01T03:00:00.000Z",
      "price": 19.31
    },
    {
      "symbol": "MSFT",
      "date": "2003-02-01T03:00:00.000Z",
      "price": 19.34
    },
    {
      "symbol": "MSFT",
      "date": "2003-03-01T03:00:00.000Z",
      "price": 19.76
    },
    {
      "symbol": "MSFT",
      "date": "2003-04-01T04:00:00.000Z",
      "price": 20.87
    },
    {
      "symbol": "MSFT",
      "date": "2003-05-01T04:00:00.000Z",
      "price": 20.09
    },
    {
      "symbol": "MSFT",
      "date": "2003-06-01T04:00:00.000Z",
      "price": 20.93
    },
    {
      "symbol": "MSFT",
      "date": "2003-07-01T04:00:00.000Z",
      "price": 21.56
    },
    {
      "symbol": "MSFT",
      "date": "2003-08-01T04:00:00.000Z",
      "price": 21.65
    },
    {
      "symbol": "MSFT",
      "date": "2003-09-01T04:00:00.000Z",
      "price": 22.69
    },
    {
      "symbol": "MSFT",
      "date": "2003-10-01T04:00:00.000Z",
      "price": 21.45
    },
    {
      "symbol": "MSFT",
      "date": "2003-11-01T03:00:00.000Z",
      "price": 21.1
    },
    {
      "symbol": "MSFT",
      "date": "2003-12-01T03:00:00.000Z",
      "price": 22.46
    },
    {
      "symbol": "MSFT",
      "date": "2004-01-01T03:00:00.000Z",
      "price": 22.69
    },
    {
      "symbol": "MSFT",
      "date": "2004-02-01T03:00:00.000Z",
      "price": 21.77
    },
    {
      "symbol": "MSFT",
      "date": "2004-03-01T03:00:00.000Z",
      "price": 20.46
    },
    {
      "symbol": "MSFT",
      "date": "2004-04-01T04:00:00.000Z",
      "price": 21.45
    },
    {
      "symbol": "MSFT",
      "date": "2004-05-01T04:00:00.000Z",
      "price": 21.53
    },
    {
      "symbol": "MSFT",
      "date": "2004-06-01T04:00:00.000Z",
      "price": 23.44
    },
    {
      "symbol": "MSFT",
      "date": "2004-07-01T04:00:00.000Z",
      "price": 23.38
    },
    {
      "symbol": "MSFT",
      "date": "2004-08-01T04:00:00.000Z",
      "price": 22.47
    },
    {
      "symbol": "MSFT",
      "date": "2004-09-01T04:00:00.000Z",
      "price": 22.76
    },
    {
      "symbol": "MSFT",
      "date": "2004-10-01T04:00:00.000Z",
      "price": 23.02
    },
    {
      "symbol": "MSFT",
      "date": "2004-11-01T03:00:00.000Z",
      "price": 24.6
    },
    {
      "symbol": "MSFT",
      "date": "2004-12-01T03:00:00.000Z",
      "price": 24.52
    },
    {
      "symbol": "MSFT",
      "date": "2005-01-01T03:00:00.000Z",
      "price": 24.11
    },
    {
      "symbol": "MSFT",
      "date": "2005-02-01T03:00:00.000Z",
      "price": 23.15
    },
    {
      "symbol": "MSFT",
      "date": "2005-03-01T03:00:00.000Z",
      "price": 22.24
    },
    {
      "symbol": "MSFT",
      "date": "2005-04-01T04:00:00.000Z",
      "price": 23.28
    },
    {
      "symbol": "MSFT",
      "date": "2005-05-01T04:00:00.000Z",
      "price": 23.82
    },
    {
      "symbol": "MSFT",
      "date": "2005-06-01T04:00:00.000Z",
      "price": 22.93
    },
    {
      "symbol": "MSFT",
      "date": "2005-07-01T04:00:00.000Z",
      "price": 23.64
    },
    {
      "symbol": "MSFT",
      "date": "2005-08-01T04:00:00.000Z",
      "price": 25.35
    },
    {
      "symbol": "MSFT",
      "date": "2005-09-01T04:00:00.000Z",
      "price": 23.83
    },
    {
      "symbol": "MSFT",
      "date": "2005-10-01T04:00:00.000Z",
      "price": 23.8
    },
    {
      "symbol": "MSFT",
      "date": "2005-11-01T03:00:00.000Z",
      "price": 25.71
    },
    {
      "symbol": "MSFT",
      "date": "2005-12-01T03:00:00.000Z",
      "price": 24.29
    },
    {
      "symbol": "MSFT",
      "date": "2006-01-01T03:00:00.000Z",
      "price": 26.14
    },
    {
      "symbol": "MSFT",
      "date": "2006-02-01T03:00:00.000Z",
      "price": 25.04
    },
    {
      "symbol": "MSFT",
      "date": "2006-03-01T03:00:00.000Z",
      "price": 25.36
    },
    {
      "symbol": "MSFT",
      "date": "2006-04-01T04:00:00.000Z",
      "price": 22.5
    },
    {
      "symbol": "MSFT",
      "date": "2006-05-01T04:00:00.000Z",
      "price": 21.19
    },
    {
      "symbol": "MSFT",
      "date": "2006-06-01T04:00:00.000Z",
      "price": 21.8
    },
    {
      "symbol": "MSFT",
      "date": "2006-07-01T04:00:00.000Z",
      "price": 22.51
    },
    {
      "symbol": "MSFT",
      "date": "2006-08-01T04:00:00.000Z",
      "price": 24.13
    },
    {
      "symbol": "MSFT",
      "date": "2006-09-01T04:00:00.000Z",
      "price": 25.68
    },
    {
      "symbol": "MSFT",
      "date": "2006-10-01T04:00:00.000Z",
      "price": 26.96
    },
    {
      "symbol": "MSFT",
      "date": "2006-11-01T03:00:00.000Z",
      "price": 27.66
    },
    {
      "symbol": "MSFT",
      "date": "2006-12-01T03:00:00.000Z",
      "price": 28.13
    },
    {
      "symbol": "MSFT",
      "date": "2007-01-01T03:00:00.000Z",
      "price": 29.07
    },
    {
      "symbol": "MSFT",
      "date": "2007-02-01T03:00:00.000Z",
      "price": 26.63
    },
    {
      "symbol": "MSFT",
      "date": "2007-03-01T03:00:00.000Z",
      "price": 26.35
    },
    {
      "symbol": "MSFT",
      "date": "2007-04-01T04:00:00.000Z",
      "price": 28.3
    },
    {
      "symbol": "MSFT",
      "date": "2007-05-01T04:00:00.000Z",
      "price": 29.11
    },
    {
      "symbol": "MSFT",
      "date": "2007-06-01T04:00:00.000Z",
      "price": 27.95
    },
    {
      "symbol": "MSFT",
      "date": "2007-07-01T04:00:00.000Z",
      "price": 27.5
    },
    {
      "symbol": "MSFT",
      "date": "2007-08-01T04:00:00.000Z",
      "price": 27.34
    },
    {
      "symbol": "MSFT",
      "date": "2007-09-01T04:00:00.000Z",
      "price": 28.04
    },
    {
      "symbol": "MSFT",
      "date": "2007-10-01T04:00:00.000Z",
      "price": 35.03
    },
    {
      "symbol": "MSFT",
      "date": "2007-11-01T03:00:00.000Z",
      "price": 32.09
    },
    {
      "symbol": "MSFT",
      "date": "2007-12-01T03:00:00.000Z",
      "price": 34
    },
    {
      "symbol": "MSFT",
      "date": "2008-01-01T03:00:00.000Z",
      "price": 31.13
    },
    {
      "symbol": "MSFT",
      "date": "2008-02-01T03:00:00.000Z",
      "price": 26.07
    },
    {
      "symbol": "MSFT",
      "date": "2008-03-01T03:00:00.000Z",
      "price": 27.21
    },
    {
      "symbol": "MSFT",
      "date": "2008-04-01T04:00:00.000Z",
      "price": 27.34
    },
    {
      "symbol": "MSFT",
      "date": "2008-05-01T04:00:00.000Z",
      "price": 27.25
    },
    {
      "symbol": "MSFT",
      "date": "2008-06-01T04:00:00.000Z",
      "price": 26.47
    },
    {
      "symbol": "MSFT",
      "date": "2008-07-01T04:00:00.000Z",
      "price": 24.75
    },
    {
      "symbol": "MSFT",
      "date": "2008-08-01T04:00:00.000Z",
      "price": 26.36
    },
    {
      "symbol": "MSFT",
      "date": "2008-09-01T04:00:00.000Z",
      "price": 25.78
    },
    {
      "symbol": "MSFT",
      "date": "2008-10-01T04:00:00.000Z",
      "price": 21.57
    },
    {
      "symbol": "MSFT",
      "date": "2008-11-01T03:00:00.000Z",
      "price": 19.66
    },
    {
      "symbol": "MSFT",
      "date": "2008-12-01T03:00:00.000Z",
      "price": 18.91
    },
    {
      "symbol": "MSFT",
      "date": "2009-01-01T03:00:00.000Z",
      "price": 16.63
    },
    {
      "symbol": "MSFT",
      "date": "2009-02-01T03:00:00.000Z",
      "price": 15.81
    },
    {
      "symbol": "MSFT",
      "date": "2009-03-01T03:00:00.000Z",
      "price": 17.99
    },
    {
      "symbol": "MSFT",
      "date": "2009-04-01T04:00:00.000Z",
      "price": 19.84
    },
    {
      "symbol": "MSFT",
      "date": "2009-05-01T04:00:00.000Z",
      "price": 20.59
    },
    {
      "symbol": "MSFT",
      "date": "2009-06-01T04:00:00.000Z",
      "price": 23.42
    },
    {
      "symbol": "MSFT",
      "date": "2009-07-01T04:00:00.000Z",
      "price": 23.18
    },
    {
      "symbol": "MSFT",
      "date": "2009-08-01T04:00:00.000Z",
      "price": 24.43
    },
    {
      "symbol": "MSFT",
      "date": "2009-09-01T04:00:00.000Z",
      "price": 25.49
    },
    {
      "symbol": "MSFT",
      "date": "2009-10-01T04:00:00.000Z",
      "price": 27.48
    },
    {
      "symbol": "MSFT",
      "date": "2009-11-01T03:00:00.000Z",
      "price": 29.27
    },
    {
      "symbol": "MSFT",
      "date": "2009-12-01T03:00:00.000Z",
      "price": 30.34
    },
    {
      "symbol": "MSFT",
      "date": "2010-01-01T03:00:00.000Z",
      "price": 28.05
    },
    {
      "symbol": "MSFT",
      "date": "2010-02-01T03:00:00.000Z",
      "price": 28.67
    },
    {
      "symbol": "MSFT",
      "date": "2010-03-01T03:00:00.000Z",
      "price": 28.8
    }
  ]
}